id,tag,Path,url,video_path,video_url
846,高原山鹑,top14-p5/gaoyuanshanchun/frames/00037-0001.jpg,https://aidata-1258344706.cos.ap-guangzhou.myqcloud.com/target/resource/607946138525167616/607947458298548224_00037-0001.jpg?q-sign-algorithm=sha1&q-ak=AKIDlNFwA_F0an37anckyemuoX9RXv3lq7cMz9WLXWjG1FZP37YDl62vhu2dXQLq_LoW&q-sign-time=1625113226;1625372426&q-key-time=1625113226;1625372426&q-header-list=&q-url-param-list=&q-signature=6f85b5a4f57c6101c30ff319547bf951063384e5&x-cos-security-token=K6Q8xOwyR6xmlE4mK84dZ0yf6kRyHr7a943c21e8fb6364077463097474fb8b7dqx3Lnew6f7h5Vle8xLbUxdn2ck6iKkE2UKcrCUJiJlfZlWQXc5IhfU0Tf7aR1LynaTqbCAYzs4jkYgX3f-Vh1Ce5hFj2-Z3s34nmXMaG7ak0XQqZFlrTHeid82GxYCwV2--3KV44cDUcEvJUsGVkwkZZYlnb4dRt9GWzZ7QVC8hsinmwvc66GbvmcxUdnwxJYkANSSJUr5KqURUpumV4s3jBNL0SWJA8wjvoMh4ugsCzeq844yUD4ZfWdx5n0U26FV4i5THNvQ_GQ09yv35GG-o7W3Lrjsprmzq6HmNBJpKjGIdVuafQGm0bnnV4yXvooWracfCzJ7U1OTf9yLnf_w,top14-p5/gaoyuanshanchun/videos/00037.AVI,None
847,高原山鹑,top14-p5/gaoyuanshanchun/frames/00037-0002.jpg,https://aidata-1258344706.cos.ap-guangzhou.myqcloud.com/target/resource/607946138525167616/607947458298548225_00037-0002.jpg?q-sign-algorithm=sha1&q-ak=AKIDNYQ1Gj-xD9Qi24cqeFowMACYYKT4F4RQnw3N602Urn4jpQ09cVzrjaHLUWYa8KgC&q-sign-time=1625113226;1625372426&q-key-time=1625113226;1625372426&q-header-list=&q-url-param-list=&q-signature=76254638818bc5c7069f7bfc87ab704ac77fa441&x-cos-security-token=K6Q8xOwyR6xmlE4mK84dZ0yf6kRyHr7aecd42c6111e5130344506583f19d72feqx3Lnew6f7h5Vle8xLbUxdn2ck6iKkE2UKcrCUJiJlfZlWQXc5IhfU0Tf7aR1LynaTqbCAYzs4jkYgX3f-Vh1Ce5hFj2-Z3s34nmXMaG7ak0XQqZFlrTHeid82GxYCwV2--3KV44cDUcEvJUsGVkwkZZYlnb4dRt9GWzZ7QVC8hsinmwvc66GbvmcxUdnwxJYkANSSJUr5KqURUpumV4s3jBNL0SWJA8wjvoMh4ugsCzeq844yUD4ZfWdx5n0U26FV4i5THNvQ_GQ09yv35GG-o7W3Lrjsprmzq6HmNBJpIjpz_2EsuufoZuKju9iwhMjJDOg54kISE7dLZORgfM1w,top14-p5/gaoyuanshanchun/videos/00037.AVI,None
848,高原山鹑,top14-p5/gaoyuanshanchun/frames/00037-0003.jpg,https://aidata-1258344706.cos.ap-guangzhou.myqcloud.com/target/resource/607946138525167616/607947458298548226_00037-0003.jpg?q-sign-algorithm=sha1&q-ak=AKIDV9JCvtc6yabxK0lFGUVW8HF-P98XqJbcHXGy5xBgQY81qAr2RxjH6Xf5Jaa2rU_r&q-sign-time=1625113226;1625372426&q-key-time=1625113226;1625372426&q-header-list=&q-url-param-list=&q-signature=979394c93382d0a664568bc363ed880c7b170e8c&x-cos-security-token=K6Q8xOwyR6xmlE4mK84dZ0yf6kRyHr7af935b334601b1bd056934dbe46ccfaedqx3Lnew6f7h5Vle8xLbUxdn2ck6iKkE2UKcrCUJiJlfZlWQXc5IhfU0Tf7aR1LynaTqbCAYzs4jkYgX3f-Vh1Ce5hFj2-Z3s34nmXMaG7ak0XQqZFlrTHeid82GxYCwV2--3KV44cDUcEvJUsGVkwkZZYlnb4dRt9GWzZ7QVC8hsinmwvc66GbvmcxUdnwxJYkANSSJUr5KqURUpumV4s3jBNL0SWJA8wjvoMh4ugsCzeq844yUD4ZfWdx5n0U26FV4i5THNvQ_GQ09yv35GG-o7W3Lrjsprmzq6HmNBJpInqI38oxtuQH5E3KMypHPsyUcDQOrBI62MHfUHxDniQQ,top14-p5/gaoyuanshanchun/videos/00037.AVI,None
849,高原山鹑,top14-p5/gaoyuanshanchun/frames/00037-0004.jpg,https://aidata-1258344706.cos.ap-guangzhou.myqcloud.com/target/resource/607946138525167616/607947458298548227_00037-0004.jpg?q-sign-algorithm=sha1&q-ak=AKID5rsWMfbnCx9Vu-QWZj_efUgSUV_qScxdUDh2PHKuDZ1lH_sCpgW_6R9AVo6A7Q4s&q-sign-time=1625113226;1625372426&q-key-time=1625113226;1625372426&q-header-list=&q-url-param-list=&q-signature=5a66fdade6696fa938fa6452a2e307e68f3deb76&x-cos-security-token=f8R33Ych2nIgnJWU0fO2jYYseUjEYY2ab40ed5ca29adad43500984d5b17c3e73VaC13eq7yKcvisbvjeGoDCZs5S8TZgh16VhyU04WXQXOYyfCKnd5Z9zoPS6fBgweHhrijdJGp2oDr_9ZX43ofS6B1oJnU_yslGGFCX8707fplH3pDhirj3oYawmKIFbPBLJ3md_Hi515HcM-Ux1DdznvSW2vCH0zlOB2JL5jgPMZZT6SnJn9RCLAp8Vam9TgQdLIb73YU3sd-Ev3z_2Wmr05h2V1VlgLHMs4uKT9lZ90d6mVe2IN0AwkmMtVB_UXPiXY-YCfuR1YUcVRTKV2N2vkpnXBlgM13czgGHj1a-NNZfpey77pmdvgHcLN4QYsW-O-c296oYT5XSNsPKIyRw,top14-p5/gaoyuanshanchun/videos/00037.AVI,None
850,高原山鹑,top14-p5/gaoyuanshanchun/frames/00037-0005.jpg,https://aidata-1258344706.cos.ap-guangzhou.myqcloud.com/target/resource/607946138525167616/607947458298548228_00037-0005.jpg?q-sign-algorithm=sha1&q-ak=AKIDn7y48wJL_oz6do04ZNhGX6KPSDDUxXJA8usyViaWfggWLaJmPo14Y3DL5tCNXMwQ&q-sign-time=1625113226;1625372426&q-key-time=1625113226;1625372426&q-header-list=&q-url-param-list=&q-signature=fe0d86622c8e093f2238af70d6d6ebf87429291b&x-cos-security-token=K6Q8xOwyR6xmlE4mK84dZ0yf6kRyHr7a51d344192d408ecdf65dd8e04f28f00fqx3Lnew6f7h5Vle8xLbUxdn2ck6iKkE2UKcrCUJiJlfZlWQXc5IhfU0Tf7aR1LynaTqbCAYzs4jkYgX3f-Vh1Ce5hFj2-Z3s34nmXMaG7ak0XQqZFlrTHeid82GxYCwV2--3KV44cDUcEvJUsGVkwkZZYlnb4dRt9GWzZ7QVC8hsinmwvc66GbvmcxUdnwxJYkANSSJUr5KqURUpumV4s3jBNL0SWJA8wjvoMh4ugsCzeq844yUD4ZfWdx5n0U26FV4i5THNvQ_GQ09yv35GG-o7W3Lrjsprmzq6HmNBJpIswnAYwLzeRyJn1fipS979lvb-gsKNZgueI1Y6mdVbcQ,top14-p5/gaoyuanshanchun/videos/00037.AVI,None
851,高原山鹑,top14-p5/gaoyuanshanchun/frames/00037-0006.jpg,https://aidata-1258344706.cos.ap-guangzhou.myqcloud.com/target/resource/607946138525167616/607947458298548229_00037-0006.jpg?q-sign-algorithm=sha1&q-ak=AKIDPQ5xvxoYoUMQdAwOHrjnYvFACZLI_fMalfZb5Rl4yREmqtJoHZp_-0rTbH1Ruxzp&q-sign-time=1625113226;1625372426&q-key-time=1625113226;1625372426&q-header-list=&q-url-param-list=&q-signature=511edf4f056ba5cb134573a73dfb4acc14a1829a&x-cos-security-token=f8R33Ych2nIgnJWU0fO2jYYseUjEYY2ae5efab25f9aee5a26ba0cfb954bfe0f5VaC13eq7yKcvisbvjeGoDCZs5S8TZgh16VhyU04WXQXOYyfCKnd5Z9zoPS6fBgweHhrijdJGp2oDr_9ZX43ofS6B1oJnU_yslGGFCX8707fplH3pDhirj3oYawmKIFbPBLJ3md_Hi515HcM-Ux1DdznvSW2vCH0zlOB2JL5jgPMZZT6SnJn9RCLAp8Vam9TgQdLIb73YU3sd-Ev3z_2Wmr05h2V1VlgLHMs4uKT9lZ90d6mVe2IN0AwkmMtVB_UXPiXY-YCfuR1YUcVRTKV2N2vkpnXBlgM13czgGHj1a-PYu1-e15sftfVL3SyXfSBgOAo_xftOiJ1Qy9w3WCT7bg,top14-p5/gaoyuanshanchun/videos/00037.AVI,None
852,高原山鹑,top14-p5/gaoyuanshanchun/frames/00037-0007.jpg,https://aidata-1258344706.cos.ap-guangzhou.myqcloud.com/target/resource/607946138525167616/607947458298548230_00037-0007.jpg?q-sign-algorithm=sha1&q-ak=AKIDL_QP7F0Qar_PlLu8M6YSkbU0p3_vo4atAhf8p-vLd1Puw8B5f5WaK_HEFA72E_jc&q-sign-time=1625113226;1625372426&q-key-time=1625113226;1625372426&q-header-list=&q-url-param-list=&q-signature=9f20e045c60c158404a8718ddd44d34ba530e985&x-cos-security-token=K6Q8xOwyR6xmlE4mK84dZ0yf6kRyHr7aef79dbfc971e92952f69dea215b7b9a9qx3Lnew6f7h5Vle8xLbUxdn2ck6iKkE2UKcrCUJiJlfZlWQXc5IhfU0Tf7aR1LynaTqbCAYzs4jkYgX3f-Vh1Ce5hFj2-Z3s34nmXMaG7ak0XQqZFlrTHeid82GxYCwV2--3KV44cDUcEvJUsGVkwkZZYlnb4dRt9GWzZ7QVC8hsinmwvc66GbvmcxUdnwxJYkANSSJUr5KqURUpumV4s3jBNL0SWJA8wjvoMh4ugsCzeq844yUD4ZfWdx5n0U26FV4i5THNvQ_GQ09yv35GG-o7W3Lrjsprmzq6HmNBJpIOCO_t0bz1TrLr_m_4wkTVafjvc07qQDfXc03yn6ENug,top14-p5/gaoyuanshanchun/videos/00037.AVI,None
853,高原山鹑,top14-p5/gaoyuanshanchun/frames/00037-0008.jpg,https://aidata-1258344706.cos.ap-guangzhou.myqcloud.com/target/resource/607946138525167616/607947458298548231_00037-0008.jpg?q-sign-algorithm=sha1&q-ak=AKIDHCk_I0BK-0EW_LAs-riHr6d1qHfQyI6i-y2di38iVBMlWbT3Fjmmo94PZEXAVAZf&q-sign-time=1625113226;1625372426&q-key-time=1625113226;1625372426&q-header-list=&q-url-param-list=&q-signature=b634e3e5d9689ed707013510e510cc830ab11e80&x-cos-security-token=jmCCFCZ07AWjN0xvNlUPyP0mQYfzOAHadcc3f497a0c6e32a6399187f606228af0z2hQp1bEqLwIwCjaPDubAYWOpKs3j8VnJv1I4eVPlP-BaAFxjiomO4benvs_d_7HbcJdH5i-nOup100UjYHCzUOQ8q95Optr-uzq9Oww_IB4jrqlUu7GOlhb4xWqxnGKaUqOzpVa_S141oupCWRuoEWuIyHWU8G6ZG5gVxUNIaKz7S3hsnr4_JgOp6M6pxY7-_qnABbG0AXBgvX1Fb_xQlDdWDDy9R_s0dZR_dJUkJ4UnD3neAa4vOPe8uL8ium7rzwPyvGqtZ96tXFWuauhBvOE8rWuasJAW4q3r-zIFMr7QwWApT0RbKk-LtOoTycVHXD-kxcuoOMSr5ohxxktw,top14-p5/gaoyuanshanchun/videos/00037.AVI,None
854,高原山鹑,top14-p5/gaoyuanshanchun/frames/00037-0009.jpg,https://aidata-1258344706.cos.ap-guangzhou.myqcloud.com/target/resource/607946138525167616/607947458298548232_00037-0009.jpg?q-sign-algorithm=sha1&q-ak=AKIDrvPdUCfPhysqrTeCbHti5wi211BSp3bQGBSx237qb0pkLryMUGv976STAdOp1GzG&q-sign-time=1625113226;1625372426&q-key-time=1625113226;1625372426&q-header-list=&q-url-param-list=&q-signature=e8f8f26b04e845bf5a83aa370967c171ba2cf0c0&x-cos-security-token=K6Q8xOwyR6xmlE4mK84dZ0yf6kRyHr7a087a1d5c0616130d6f3008bfcc0ce29fqx3Lnew6f7h5Vle8xLbUxdn2ck6iKkE2UKcrCUJiJlfZlWQXc5IhfU0Tf7aR1LynaTqbCAYzs4jkYgX3f-Vh1Ce5hFj2-Z3s34nmXMaG7ak0XQqZFlrTHeid82GxYCwV2--3KV44cDUcEvJUsGVkwkZZYlnb4dRt9GWzZ7QVC8hsinmwvc66GbvmcxUdnwxJYkANSSJUr5KqURUpumV4s3jBNL0SWJA8wjvoMh4ugsCzeq844yUD4ZfWdx5n0U26FV4i5THNvQ_GQ09yv35GG-o7W3Lrjsprmzq6HmNBJpLmU8m_2WtB4Twh1QxPQ383_M5DX2LDmpD6sRMUvf_V8w,top14-p5/gaoyuanshanchun/videos/00037.AVI,None
855,高原山鹑,top14-p5/gaoyuanshanchun/frames/00037-0010.jpg,https://aidata-1258344706.cos.ap-guangzhou.myqcloud.com/target/resource/607946138525167616/607947458298548233_00037-0010.jpg?q-sign-algorithm=sha1&q-ak=AKIDlNFwA_F0an37anckyemuoX9RXv3lq7cMz9WLXWjG1FZP37YDl62vhu2dXQLq_LoW&q-sign-time=1625113226;1625372426&q-key-time=1625113226;1625372426&q-header-list=&q-url-param-list=&q-signature=d3224dafe53dada8b82682e9d9e4adaceb1c1191&x-cos-security-token=K6Q8xOwyR6xmlE4mK84dZ0yf6kRyHr7a943c21e8fb6364077463097474fb8b7dqx3Lnew6f7h5Vle8xLbUxdn2ck6iKkE2UKcrCUJiJlfZlWQXc5IhfU0Tf7aR1LynaTqbCAYzs4jkYgX3f-Vh1Ce5hFj2-Z3s34nmXMaG7ak0XQqZFlrTHeid82GxYCwV2--3KV44cDUcEvJUsGVkwkZZYlnb4dRt9GWzZ7QVC8hsinmwvc66GbvmcxUdnwxJYkANSSJUr5KqURUpumV4s3jBNL0SWJA8wjvoMh4ugsCzeq844yUD4ZfWdx5n0U26FV4i5THNvQ_GQ09yv35GG-o7W3Lrjsprmzq6HmNBJpKjGIdVuafQGm0bnnV4yXvooWracfCzJ7U1OTf9yLnf_w,top14-p5/gaoyuanshanchun/videos/00037.AVI,None
856,高原山鹑,top14-p5/gaoyuanshanchun/frames/00037-0011.jpg,https://aidata-1258344706.cos.ap-guangzhou.myqcloud.com/target/resource/607946138525167616/607947458298548234_00037-0011.jpg?q-sign-algorithm=sha1&q-ak=AKIDx3SqBAk8du2ocTtGlx83ifBoZbTPyrWF1VMgGmlU4BLyn0spOFpIY71VLh-YhwVW&q-sign-time=1625113226;1625372426&q-key-time=1625113226;1625372426&q-header-list=&q-url-param-list=&q-signature=877f29de45eb3e37bb47f87cddcfb95f81ca0b70&x-cos-security-token=f8R33Ych2nIgnJWU0fO2jYYseUjEYY2a020eac7919a6710497b6e021b5535665VaC13eq7yKcvisbvjeGoDCZs5S8TZgh16VhyU04WXQXOYyfCKnd5Z9zoPS6fBgweHhrijdJGp2oDr_9ZX43ofS6B1oJnU_yslGGFCX8707fplH3pDhirj3oYawmKIFbPBLJ3md_Hi515HcM-Ux1DdznvSW2vCH0zlOB2JL5jgPMZZT6SnJn9RCLAp8Vam9TgQdLIb73YU3sd-Ev3z_2Wmr05h2V1VlgLHMs4uKT9lZ90d6mVe2IN0AwkmMtVB_UXPiXY-YCfuR1YUcVRTKV2N2vkpnXBlgM13czgGHj1a-MJpEMSTjYHdsNvD3nG0BiQu8xOlMq2cqkVAgLy49T4kg,top14-p5/gaoyuanshanchun/videos/00037.AVI,None
857,高原山鹑,top14-p5/gaoyuanshanchun/frames/00037-0012.jpg,https://aidata-1258344706.cos.ap-guangzhou.myqcloud.com/target/resource/607946138525167616/607947458298548235_00037-0012.jpg?q-sign-algorithm=sha1&q-ak=AKIDEreXI9m9838Ko8UPl0V0KZ-j9hJhquPBzkVgkoLvM5HLlMlPxx_A8MfNu4ymOZkI&q-sign-time=1625113226;1625372426&q-key-time=1625113226;1625372426&q-header-list=&q-url-param-list=&q-signature=95f9d0d4afba42a82b328c4c8ceb067d14a77bd3&x-cos-security-token=K6Q8xOwyR6xmlE4mK84dZ0yf6kRyHr7ac49f27f3e8e19a8718ee49e4df9b8841qx3Lnew6f7h5Vle8xLbUxdn2ck6iKkE2UKcrCUJiJlfZlWQXc5IhfU0Tf7aR1LynaTqbCAYzs4jkYgX3f-Vh1Ce5hFj2-Z3s34nmXMaG7ak0XQqZFlrTHeid82GxYCwV2--3KV44cDUcEvJUsGVkwkZZYlnb4dRt9GWzZ7QVC8hsinmwvc66GbvmcxUdnwxJYkANSSJUr5KqURUpumV4s3jBNL0SWJA8wjvoMh4ugsCzeq844yUD4ZfWdx5n0U26FV4i5THNvQ_GQ09yv35GG-o7W3Lrjsprmzq6HmNBJpJ8dEA0ODg8HeEBw8DarRdev2nmd81E0o3IO9xtoOCqgQ,top14-p5/gaoyuanshanchun/videos/00037.AVI,None
858,高原山鹑,top14-p5/gaoyuanshanchun/frames/00037-0013.jpg,https://aidata-1258344706.cos.ap-guangzhou.myqcloud.com/target/resource/607946138525167616/607947458298548236_00037-0013.jpg?q-sign-algorithm=sha1&q-ak=AKIDfh8sVvKp13xegv8m05Sj0_GOk68bSHjDOJcpYblKrUKxpzcCtwbmeJDLIr-dYVMa&q-sign-time=1625113226;1625372426&q-key-time=1625113226;1625372426&q-header-list=&q-url-param-list=&q-signature=292844c9238240d2c7011968d6bbd441cc2d9fb0&x-cos-security-token=K6Q8xOwyR6xmlE4mK84dZ0yf6kRyHr7a3df786f317a1ce4a308e7e23acab84b6qx3Lnew6f7h5Vle8xLbUxdn2ck6iKkE2UKcrCUJiJlfZlWQXc5IhfU0Tf7aR1LynaTqbCAYzs4jkYgX3f-Vh1Ce5hFj2-Z3s34nmXMaG7ak0XQqZFlrTHeid82GxYCwV2--3KV44cDUcEvJUsGVkwkZZYlnb4dRt9GWzZ7QVC8hsinmwvc66GbvmcxUdnwxJYkANSSJUr5KqURUpumV4s3jBNL0SWJA8wjvoMh4ugsCzeq844yUD4ZfWdx5n0U26FV4i5THNvQ_GQ09yv35GG-o7W3Lrjsprmzq6HmNBJpLnxkeVZgAfqmEAmMkKgk2Bd1TFA8e93Tl3QzXPlH_VrA,top14-p5/gaoyuanshanchun/videos/00037.AVI,None
859,高原山鹑,top14-p5/gaoyuanshanchun/frames/00037-0014.jpg,https://aidata-1258344706.cos.ap-guangzhou.myqcloud.com/target/resource/607946138525167616/607947458298548237_00037-0014.jpg?q-sign-algorithm=sha1&q-ak=AKIDV8xNYOM7Pe1IaQh6E2fN0hEVFpZit_5_KSjF6Ci4bCxnLk5S2MxZUdmv5sBVhIoY&q-sign-time=1625113226;1625372426&q-key-time=1625113226;1625372426&q-header-list=&q-url-param-list=&q-signature=5502fbef847fb93e75142abcdfeb64d786035e66&x-cos-security-token=K6Q8xOwyR6xmlE4mK84dZ0yf6kRyHr7a23aff07e79821733cae134a5dde5f103qx3Lnew6f7h5Vle8xLbUxdn2ck6iKkE2UKcrCUJiJlfZlWQXc5IhfU0Tf7aR1LynaTqbCAYzs4jkYgX3f-Vh1Ce5hFj2-Z3s34nmXMaG7ak0XQqZFlrTHeid82GxYCwV2--3KV44cDUcEvJUsGVkwkZZYlnb4dRt9GWzZ7QVC8hsinmwvc66GbvmcxUdnwxJYkANSSJUr5KqURUpumV4s3jBNL0SWJA8wjvoMh4ugsCzeq844yUD4ZfWdx5n0U26FV4i5THNvQ_GQ09yv35GG-o7W3Lrjsprmzq6HmNBJpJx2aVsNdcj3YcByTtmG2NXfEv4GX55zl82KV0CdStdcQ,top14-p5/gaoyuanshanchun/videos/00037.AVI,None
860,高原山鹑,top14-p5/gaoyuanshanchun/frames/00037-0015.jpg,https://aidata-1258344706.cos.ap-guangzhou.myqcloud.com/target/resource/607946138525167616/607947458298548238_00037-0015.jpg?q-sign-algorithm=sha1&q-ak=AKIDNWF_jjBhR9pd0p9dzqIplF5gu9U8upCpCUfjNXJsbA7pd9HODrHrZyRijue6N8ah&q-sign-time=1625113226;1625372426&q-key-time=1625113226;1625372426&q-header-list=&q-url-param-list=&q-signature=05b0e450e6c365426fe6ee69a5f54edbbe9fc266&x-cos-security-token=K6Q8xOwyR6xmlE4mK84dZ0yf6kRyHr7a9bc99eaf7d517a7f67f7c8ce190baefbqx3Lnew6f7h5Vle8xLbUxdn2ck6iKkE2UKcrCUJiJlfZlWQXc5IhfU0Tf7aR1LynaTqbCAYzs4jkYgX3f-Vh1Ce5hFj2-Z3s34nmXMaG7ak0XQqZFlrTHeid82GxYCwV2--3KV44cDUcEvJUsGVkwkZZYlnb4dRt9GWzZ7QVC8hsinmwvc66GbvmcxUdnwxJYkANSSJUr5KqURUpumV4s3jBNL0SWJA8wjvoMh4ugsCzeq844yUD4ZfWdx5n0U26FV4i5THNvQ_GQ09yv35GG-o7W3Lrjsprmzq6HmNBJpIZDS5LAeQaXGLTMcBhglCuQHHpyzoeG3MsaGNonRDEVw,top14-p5/gaoyuanshanchun/videos/00037.AVI,None
861,高原山鹑,top14-p5/gaoyuanshanchun/frames/00037-0016.jpg,https://aidata-1258344706.cos.ap-guangzhou.myqcloud.com/target/resource/607946138525167616/607947458298548239_00037-0016.jpg?q-sign-algorithm=sha1&q-ak=AKIDwl0EKB-XH2EksOyADtef3XKLnhflYIB_KFuVHxucdvaWTQbQjYXnHZmYQcxtZT1X&q-sign-time=1625113226;1625372426&q-key-time=1625113226;1625372426&q-header-list=&q-url-param-list=&q-signature=a19ffa3b749b71629a133332f82159784805e9bc&x-cos-security-token=K6Q8xOwyR6xmlE4mK84dZ0yf6kRyHr7a1a91a8a5ae04290cb53e4286b33835c6qx3Lnew6f7h5Vle8xLbUxdn2ck6iKkE2UKcrCUJiJlfZlWQXc5IhfU0Tf7aR1LynaTqbCAYzs4jkYgX3f-Vh1Ce5hFj2-Z3s34nmXMaG7ak0XQqZFlrTHeid82GxYCwV2--3KV44cDUcEvJUsGVkwkZZYlnb4dRt9GWzZ7QVC8hsinmwvc66GbvmcxUdnwxJYkANSSJUr5KqURUpumV4s3jBNL0SWJA8wjvoMh4ugsCzeq844yUD4ZfWdx5n0U26FV4i5THNvQ_GQ09yv35GG-o7W3Lrjsprmzq6HmNBJpKGrWE93aNJU0HPEbCUtEe3Rsj4GrjT3ttOvfJ3A7aD3A,top14-p5/gaoyuanshanchun/videos/00037.AVI,None
862,高原山鹑,top14-p5/gaoyuanshanchun/frames/00037-0017.jpg,https://aidata-1258344706.cos.ap-guangzhou.myqcloud.com/target/resource/607946138525167616/607947458298548240_00037-0017.jpg?q-sign-algorithm=sha1&q-ak=AKIDueaKDUbwgYcbMyTyTAq0cb1HUzVNtlrbCT2gwAEmfzxNdcbfY5G_y15n_Xvb8Y98&q-sign-time=1625113226;1625372426&q-key-time=1625113226;1625372426&q-header-list=&q-url-param-list=&q-signature=bbcb39a2d38f7dd3024bcf3d0b6db632c36ede46&x-cos-security-token=f8R33Ych2nIgnJWU0fO2jYYseUjEYY2a302f3f8753dfde8659c4202db62bc770VaC13eq7yKcvisbvjeGoDCZs5S8TZgh16VhyU04WXQXOYyfCKnd5Z9zoPS6fBgweHhrijdJGp2oDr_9ZX43ofS6B1oJnU_yslGGFCX8707fplH3pDhirj3oYawmKIFbPBLJ3md_Hi515HcM-Ux1DdznvSW2vCH0zlOB2JL5jgPMZZT6SnJn9RCLAp8Vam9TgQdLIb73YU3sd-Ev3z_2Wmr05h2V1VlgLHMs4uKT9lZ90d6mVe2IN0AwkmMtVB_UXPiXY-YCfuR1YUcVRTKV2N2vkpnXBlgM13czgGHj1a-MTlhOPlZ18iyH09h0SyrlvLmAY2xw3VKMLEHf61FeL-A,top14-p5/gaoyuanshanchun/videos/00037.AVI,None
863,高原山鹑,top14-p5/gaoyuanshanchun/frames/00069-0001.jpg,https://aidata-1258344706.cos.ap-guangzhou.myqcloud.com/target/resource/607946138525167616/607947458298548241_00069-0001.jpg?q-sign-algorithm=sha1&q-ak=AKIDrhf9EQzTrZGmRNCxd6jCnmF4sYVGcXksl-KNiE5a893SGtNZ-0w2Vx34rUtKMydO&q-sign-time=1625113226;1625372426&q-key-time=1625113226;1625372426&q-header-list=&q-url-param-list=&q-signature=3be750fff70d044b36515daf7fb5fbd8a36bbe09&x-cos-security-token=f8R33Ych2nIgnJWU0fO2jYYseUjEYY2a7c093251cc91e16d07e3e1d70a932e82VaC13eq7yKcvisbvjeGoDCZs5S8TZgh16VhyU04WXQXOYyfCKnd5Z9zoPS6fBgweHhrijdJGp2oDr_9ZX43ofS6B1oJnU_yslGGFCX8707fplH3pDhirj3oYawmKIFbPBLJ3md_Hi515HcM-Ux1DdznvSW2vCH0zlOB2JL5jgPMZZT6SnJn9RCLAp8Vam9TgQdLIb73YU3sd-Ev3z_2Wmr05h2V1VlgLHMs4uKT9lZ90d6mVe2IN0AwkmMtVB_UXPiXY-YCfuR1YUcVRTKV2N2vkpnXBlgM13czgGHj1a-NjDmwXcO1v38azqNWRGbtLem8gIV4PClEEjYOfRszz_A,top14-p5/gaoyuanshanchun/videos/00069.AVI,None
864,高原山鹑,top14-p5/gaoyuanshanchun/frames/00069-0002.jpg,https://aidata-1258344706.cos.ap-guangzhou.myqcloud.com/target/resource/607946138525167616/607947458298548242_00069-0002.jpg?q-sign-algorithm=sha1&q-ak=AKIDHCk_I0BK-0EW_LAs-riHr6d1qHfQyI6i-y2di38iVBMlWbT3Fjmmo94PZEXAVAZf&q-sign-time=1625113226;1625372426&q-key-time=1625113226;1625372426&q-header-list=&q-url-param-list=&q-signature=aaefbc4bfa912000e5afd39b190b1299e0a8aeeb&x-cos-security-token=jmCCFCZ07AWjN0xvNlUPyP0mQYfzOAHadcc3f497a0c6e32a6399187f606228af0z2hQp1bEqLwIwCjaPDubAYWOpKs3j8VnJv1I4eVPlP-BaAFxjiomO4benvs_d_7HbcJdH5i-nOup100UjYHCzUOQ8q95Optr-uzq9Oww_IB4jrqlUu7GOlhb4xWqxnGKaUqOzpVa_S141oupCWRuoEWuIyHWU8G6ZG5gVxUNIaKz7S3hsnr4_JgOp6M6pxY7-_qnABbG0AXBgvX1Fb_xQlDdWDDy9R_s0dZR_dJUkJ4UnD3neAa4vOPe8uL8ium7rzwPyvGqtZ96tXFWuauhBvOE8rWuasJAW4q3r-zIFMr7QwWApT0RbKk-LtOoTycVHXD-kxcuoOMSr5ohxxktw,top14-p5/gaoyuanshanchun/videos/00069.AVI,None
865,高原山鹑,top14-p5/gaoyuanshanchun/frames/00069-0003.jpg,https://aidata-1258344706.cos.ap-guangzhou.myqcloud.com/target/resource/607946138525167616/607947458298548243_00069-0003.jpg?q-sign-algorithm=sha1&q-ak=AKIDPgFCR7cik7YIs8SXrCXwa9IrayUdGgsVTHXgvI3H2uFd-JJb9dmETNMRISlGhDyv&q-sign-time=1625113226;1625372426&q-key-time=1625113226;1625372426&q-header-list=&q-url-param-list=&q-signature=0149ca224f1a66aba4fc93c1ccaa006e44cfef2a&x-cos-security-token=K6Q8xOwyR6xmlE4mK84dZ0yf6kRyHr7a3b06f821bd4b748ad73c463ceab4eb97qx3Lnew6f7h5Vle8xLbUxdn2ck6iKkE2UKcrCUJiJlfZlWQXc5IhfU0Tf7aR1LynaTqbCAYzs4jkYgX3f-Vh1Ce5hFj2-Z3s34nmXMaG7ak0XQqZFlrTHeid82GxYCwV2--3KV44cDUcEvJUsGVkwkZZYlnb4dRt9GWzZ7QVC8hsinmwvc66GbvmcxUdnwxJYkANSSJUr5KqURUpumV4s3jBNL0SWJA8wjvoMh4ugsCzeq844yUD4ZfWdx5n0U26FV4i5THNvQ_GQ09yv35GG-o7W3Lrjsprmzq6HmNBJpJYc3cErvNPdQ263zHcuaKXe868R6SU_-yVA_jpuOHW0w,top14-p5/gaoyuanshanchun/videos/00069.AVI,None
866,高原山鹑,top14-p5/gaoyuanshanchun/frames/00069-0004.jpg,https://aidata-1258344706.cos.ap-guangzhou.myqcloud.com/target/resource/607946138525167616/607947458298548244_00069-0004.jpg?q-sign-algorithm=sha1&q-ak=AKIDbGPsrWnl1hfYHaZ7PJCDGpMjlaEPzcdLj8qUf7S6tvzbBSlFGygGrKHOQETqkQml&q-sign-time=1625113226;1625372426&q-key-time=1625113226;1625372426&q-header-list=&q-url-param-list=&q-signature=84e8024bdb6499870c318f46d93a522ff63af361&x-cos-security-token=K6Q8xOwyR6xmlE4mK84dZ0yf6kRyHr7a1a2126a5465b01f9e629ece9d5e40f9dqx3Lnew6f7h5Vle8xLbUxdn2ck6iKkE2UKcrCUJiJlfZlWQXc5IhfU0Tf7aR1LynaTqbCAYzs4jkYgX3f-Vh1Ce5hFj2-Z3s34nmXMaG7ak0XQqZFlrTHeid82GxYCwV2--3KV44cDUcEvJUsGVkwkZZYlnb4dRt9GWzZ7QVC8hsinmwvc66GbvmcxUdnwxJYkANSSJUr5KqURUpumV4s3jBNL0SWJA8wjvoMh4ugsCzeq844yUD4ZfWdx5n0U26FV4i5THNvQ_GQ09yv35GG-o7W3Lrjsprmzq6HmNBJpLTj7kfA--n0x8Puma9mRNCBuAilCg1xshvnuLBUGi4LQ,top14-p5/gaoyuanshanchun/videos/00069.AVI,None
867,高原山鹑,top14-p5/gaoyuanshanchun/frames/00069-0005.jpg,https://aidata-1258344706.cos.ap-guangzhou.myqcloud.com/target/resource/607946138525167616/607947458298548245_00069-0005.jpg?q-sign-algorithm=sha1&q-ak=AKIDbGuNa50vvBrjkhndCYe5LhmvxAogWUeqmtB2ItjL4bHAqCoFwR9HKDCU8B_XVott&q-sign-time=1625113226;1625372426&q-key-time=1625113226;1625372426&q-header-list=&q-url-param-list=&q-signature=6331af400d0bebcd39439a4e878396a3ca87bb01&x-cos-security-token=K6Q8xOwyR6xmlE4mK84dZ0yf6kRyHr7a3dd5ffb6c612124548a4996732b620dfqx3Lnew6f7h5Vle8xLbUxdn2ck6iKkE2UKcrCUJiJlfZlWQXc5IhfU0Tf7aR1LynaTqbCAYzs4jkYgX3f-Vh1Ce5hFj2-Z3s34nmXMaG7ak0XQqZFlrTHeid82GxYCwV2--3KV44cDUcEvJUsGVkwkZZYlnb4dRt9GWzZ7QVC8hsinmwvc66GbvmcxUdnwxJYkANSSJUr5KqURUpumV4s3jBNL0SWJA8wjvoMh4ugsCzeq844yUD4ZfWdx5n0U26FV4i5THNvQ_GQ09yv35GG-o7W3Lrjsprmzq6HmNBJpIE8YWUG3c3GFr3NXhcFDGdBMzWwsRklwEtCa_uEa5MuA,top14-p5/gaoyuanshanchun/videos/00069.AVI,None
868,高原山鹑,top14-p5/gaoyuanshanchun/frames/00069-0006.jpg,https://aidata-1258344706.cos.ap-guangzhou.myqcloud.com/target/resource/607946138525167616/607947458298548246_00069-0006.jpg?q-sign-algorithm=sha1&q-ak=AKIDtYwUZE2sO-sok51p3fopoLoe47ipOJpbTtBFUUsy3L-UQxFaCjhNjPtU2MOSUU7w&q-sign-time=1625113226;1625372426&q-key-time=1625113226;1625372426&q-header-list=&q-url-param-list=&q-signature=77004efe665f37605fe5483cac6aa31c58cbc821&x-cos-security-token=K6Q8xOwyR6xmlE4mK84dZ0yf6kRyHr7ab24b95e638a7116630748d149f069a95qx3Lnew6f7h5Vle8xLbUxdn2ck6iKkE2UKcrCUJiJlfZlWQXc5IhfU0Tf7aR1LynaTqbCAYzs4jkYgX3f-Vh1Ce5hFj2-Z3s34nmXMaG7ak0XQqZFlrTHeid82GxYCwV2--3KV44cDUcEvJUsGVkwkZZYlnb4dRt9GWzZ7QVC8hsinmwvc66GbvmcxUdnwxJYkANSSJUr5KqURUpumV4s3jBNL0SWJA8wjvoMh4ugsCzeq844yUD4ZfWdx5n0U26FV4i5THNvQ_GQ09yv35GG-o7W3Lrjsprmzq6HmNBJpLbKfTVJQjS6Bb7dhQNeMJlz0sFm7n6i3s4ASINPojJ6A,top14-p5/gaoyuanshanchun/videos/00069.AVI,None
869,高原山鹑,top14-p5/gaoyuanshanchun/frames/00069-0007.jpg,https://aidata-1258344706.cos.ap-guangzhou.myqcloud.com/target/resource/607946138525167616/607947458298548247_00069-0007.jpg?q-sign-algorithm=sha1&q-ak=AKIDDpw3uwZvkBCBX16cwj36A1hJj8GdsouL9Rq29X5QSnkuB29c4GwYn7HrNPTZkLol&q-sign-time=1625113226;1625372426&q-key-time=1625113226;1625372426&q-header-list=&q-url-param-list=&q-signature=ccbb7dd0d6c592234ce15c8941197b701e25f8df&x-cos-security-token=f8R33Ych2nIgnJWU0fO2jYYseUjEYY2a749f015e9bcc33b66df80b9f69c2291dVaC13eq7yKcvisbvjeGoDCZs5S8TZgh16VhyU04WXQXOYyfCKnd5Z9zoPS6fBgweHhrijdJGp2oDr_9ZX43ofS6B1oJnU_yslGGFCX8707fplH3pDhirj3oYawmKIFbPBLJ3md_Hi515HcM-Ux1DdznvSW2vCH0zlOB2JL5jgPMZZT6SnJn9RCLAp8Vam9TgQdLIb73YU3sd-Ev3z_2Wmr05h2V1VlgLHMs4uKT9lZ90d6mVe2IN0AwkmMtVB_UXPiXY-YCfuR1YUcVRTKV2N2vkpnXBlgM13czgGHj1a-MLNUkwINN9NHz_KK1dsn3ONKvIt5Sy2Bwgk7hgUpi1lA,top14-p5/gaoyuanshanchun/videos/00069.AVI,None
870,高原山鹑,top14-p5/gaoyuanshanchun/frames/00069-0008.jpg,https://aidata-1258344706.cos.ap-guangzhou.myqcloud.com/target/resource/607946138525167616/607947458298548248_00069-0008.jpg?q-sign-algorithm=sha1&q-ak=AKIDxwec1muU1LtVQ1PSrzxZZsJFYfYBENujgdm0gxt1x7emKchD9W-aL0EnlPlzzB64&q-sign-time=1625113226;1625372426&q-key-time=1625113226;1625372426&q-header-list=&q-url-param-list=&q-signature=c8e9e4915a26afec4c431c4da2f98b4481e2b1a9&x-cos-security-token=K6Q8xOwyR6xmlE4mK84dZ0yf6kRyHr7ad0d692a5397b9da49b7e83794aba72caqx3Lnew6f7h5Vle8xLbUxdn2ck6iKkE2UKcrCUJiJlfZlWQXc5IhfU0Tf7aR1LynaTqbCAYzs4jkYgX3f-Vh1Ce5hFj2-Z3s34nmXMaG7ak0XQqZFlrTHeid82GxYCwV2--3KV44cDUcEvJUsGVkwkZZYlnb4dRt9GWzZ7QVC8hsinmwvc66GbvmcxUdnwxJYkANSSJUr5KqURUpumV4s3jBNL0SWJA8wjvoMh4ugsCzeq844yUD4ZfWdx5n0U26FV4i5THNvQ_GQ09yv35GG-o7W3Lrjsprmzq6HmNBJpKVRjNW86M_3lQ_GH_2IU4817dcyak14I7FfKIeqJTNHQ,top14-p5/gaoyuanshanchun/videos/00069.AVI,None
871,高原山鹑,top14-p5/gaoyuanshanchun/frames/00069-0009.jpg,https://aidata-1258344706.cos.ap-guangzhou.myqcloud.com/target/resource/607946138525167616/607947458298548249_00069-0009.jpg?q-sign-algorithm=sha1&q-ak=AKIDC-xPBDT2azmhpTvF6p3zbiA_flvlDG_nW29x7Uy6m8ebv0xARP5H0CGwWJJjA2AY&q-sign-time=1625113226;1625372426&q-key-time=1625113226;1625372426&q-header-list=&q-url-param-list=&q-signature=e852df39def9699fde22362c183b3682113c7785&x-cos-security-token=jmCCFCZ07AWjN0xvNlUPyP0mQYfzOAHa65c7d7a893db67248821f62ed7e3fe370z2hQp1bEqLwIwCjaPDubAYWOpKs3j8VnJv1I4eVPlP-BaAFxjiomO4benvs_d_7HbcJdH5i-nOup100UjYHCzUOQ8q95Optr-uzq9Oww_IB4jrqlUu7GOlhb4xWqxnGKaUqOzpVa_S141oupCWRuoEWuIyHWU8G6ZG5gVxUNIaKz7S3hsnr4_JgOp6M6pxY7-_qnABbG0AXBgvX1Fb_xQlDdWDDy9R_s0dZR_dJUkJ4UnD3neAa4vOPe8uL8ium7rzwPyvGqtZ96tXFWuauhBvOE8rWuasJAW4q3r-zIFNdZLPClnoYHtCffumDLdV1kaRpzqhm9oUIrIqoabdL6A,top14-p5/gaoyuanshanchun/videos/00069.AVI,None
872,高原山鹑,top14-p5/gaoyuanshanchun/frames/00069-0010.jpg,https://aidata-1258344706.cos.ap-guangzhou.myqcloud.com/target/resource/607946138525167616/607947458298548250_00069-0010.jpg?q-sign-algorithm=sha1&q-ak=AKID1GEhz9iPpPtoxfZ9EJRRQvyU3UruR7A8quyau_F3oi1WpaDQXLWQBQ-5wKsrKMHF&q-sign-time=1625113226;1625372426&q-key-time=1625113226;1625372426&q-header-list=&q-url-param-list=&q-signature=15d96dc66272f54c74cfcbb98517793fb5bd526f&x-cos-security-token=K6Q8xOwyR6xmlE4mK84dZ0yf6kRyHr7a31c01764cc7b8372bd8bb8cbb7243dd6qx3Lnew6f7h5Vle8xLbUxdn2ck6iKkE2UKcrCUJiJlfZlWQXc5IhfU0Tf7aR1LynaTqbCAYzs4jkYgX3f-Vh1Ce5hFj2-Z3s34nmXMaG7ak0XQqZFlrTHeid82GxYCwV2--3KV44cDUcEvJUsGVkwkZZYlnb4dRt9GWzZ7QVC8hsinmwvc66GbvmcxUdnwxJYkANSSJUr5KqURUpumV4s3jBNL0SWJA8wjvoMh4ugsCzeq844yUD4ZfWdx5n0U26FV4i5THNvQ_GQ09yv35GG-o7W3Lrjsprmzq6HmNBJpIrGvaX2WsU9oRi94mUOwyEvczpe-jYzbwR5P55KS3Wpg,top14-p5/gaoyuanshanchun/videos/00069.AVI,None
873,高原山鹑,top14-p5/gaoyuanshanchun/frames/00069-0011.jpg,https://aidata-1258344706.cos.ap-guangzhou.myqcloud.com/target/resource/607946138525167616/607947458298548251_00069-0011.jpg?q-sign-algorithm=sha1&q-ak=AKIDN7hUlUMg2QZVi1od5HS-4cuthXukFvlHjdu54wwwyKlGWJLTgN1VJfQBJq_Rd9aZ&q-sign-time=1625113226;1625372426&q-key-time=1625113226;1625372426&q-header-list=&q-url-param-list=&q-signature=611c28f5879fcc66f110951a0eb84e7ddb194892&x-cos-security-token=f8R33Ych2nIgnJWU0fO2jYYseUjEYY2aacf4606e56e0b577b801c12ab7678a0cVaC13eq7yKcvisbvjeGoDCZs5S8TZgh16VhyU04WXQXOYyfCKnd5Z9zoPS6fBgweHhrijdJGp2oDr_9ZX43ofS6B1oJnU_yslGGFCX8707fplH3pDhirj3oYawmKIFbPBLJ3md_Hi515HcM-Ux1DdznvSW2vCH0zlOB2JL5jgPMZZT6SnJn9RCLAp8Vam9TgQdLIb73YU3sd-Ev3z_2Wmr05h2V1VlgLHMs4uKT9lZ90d6mVe2IN0AwkmMtVB_UXPiXY-YCfuR1YUcVRTKV2N2vkpnXBlgM13czgGHj1a-Na46HGr5RlkRNjITvmvo1ecoE_Kl4xmiQ9j5w6Oai6hQ,top14-p5/gaoyuanshanchun/videos/00069.AVI,None
874,高原山鹑,top14-p5/gaoyuanshanchun/frames/00069-0012.jpg,https://aidata-1258344706.cos.ap-guangzhou.myqcloud.com/target/resource/607946138525167616/607947458298548252_00069-0012.jpg?q-sign-algorithm=sha1&q-ak=AKIDNWF_jjBhR9pd0p9dzqIplF5gu9U8upCpCUfjNXJsbA7pd9HODrHrZyRijue6N8ah&q-sign-time=1625113226;1625372426&q-key-time=1625113226;1625372426&q-header-list=&q-url-param-list=&q-signature=0eef792a9d78387125a0a6ad74d09ee475bf1afa&x-cos-security-token=K6Q8xOwyR6xmlE4mK84dZ0yf6kRyHr7a9bc99eaf7d517a7f67f7c8ce190baefbqx3Lnew6f7h5Vle8xLbUxdn2ck6iKkE2UKcrCUJiJlfZlWQXc5IhfU0Tf7aR1LynaTqbCAYzs4jkYgX3f-Vh1Ce5hFj2-Z3s34nmXMaG7ak0XQqZFlrTHeid82GxYCwV2--3KV44cDUcEvJUsGVkwkZZYlnb4dRt9GWzZ7QVC8hsinmwvc66GbvmcxUdnwxJYkANSSJUr5KqURUpumV4s3jBNL0SWJA8wjvoMh4ugsCzeq844yUD4ZfWdx5n0U26FV4i5THNvQ_GQ09yv35GG-o7W3Lrjsprmzq6HmNBJpIZDS5LAeQaXGLTMcBhglCuQHHpyzoeG3MsaGNonRDEVw,top14-p5/gaoyuanshanchun/videos/00069.AVI,None
875,高原山鹑,top14-p5/gaoyuanshanchun/frames/00069-0013.jpg,https://aidata-1258344706.cos.ap-guangzhou.myqcloud.com/target/resource/607946138525167616/607947458298548253_00069-0013.jpg?q-sign-algorithm=sha1&q-ak=AKIDa-mu9klSysGDUCc1x1-o_Jny9Z5fDSvGBJRdclYOpciE9HoTZvsxA2Pr0SXGgOh_&q-sign-time=1625113226;1625372426&q-key-time=1625113226;1625372426&q-header-list=&q-url-param-list=&q-signature=df06ec49ae811b3154772a7cfafb656902ad8e58&x-cos-security-token=K6Q8xOwyR6xmlE4mK84dZ0yf6kRyHr7a710c3dc6b37799cbb364fd5cd2b9b1daqx3Lnew6f7h5Vle8xLbUxdn2ck6iKkE2UKcrCUJiJlfZlWQXc5IhfU0Tf7aR1LynaTqbCAYzs4jkYgX3f-Vh1Ce5hFj2-Z3s34nmXMaG7ak0XQqZFlrTHeid82GxYCwV2--3KV44cDUcEvJUsGVkwkZZYlnb4dRt9GWzZ7QVC8hsinmwvc66GbvmcxUdnwxJYkANSSJUr5KqURUpumV4s3jBNL0SWJA8wjvoMh4ugsCzeq844yUD4ZfWdx5n0U26FV4i5THNvQ_GQ09yv35GG-o7W3Lrjsprmzq6HmNBJpLUgPseZoeHROemUi3w7yFtKC3klmKvLDMpiIdl8c6s6A,top14-p5/gaoyuanshanchun/videos/00069.AVI,None
876,高原山鹑,top14-p5/gaoyuanshanchun/frames/00069-0014.jpg,https://aidata-1258344706.cos.ap-guangzhou.myqcloud.com/target/resource/607946138525167616/607947458298548254_00069-0014.jpg?q-sign-algorithm=sha1&q-ak=AKIDueaKDUbwgYcbMyTyTAq0cb1HUzVNtlrbCT2gwAEmfzxNdcbfY5G_y15n_Xvb8Y98&q-sign-time=1625113226;1625372426&q-key-time=1625113226;1625372426&q-header-list=&q-url-param-list=&q-signature=909c76ca30e739f4f75f48fddd611fedb70aa2de&x-cos-security-token=f8R33Ych2nIgnJWU0fO2jYYseUjEYY2a302f3f8753dfde8659c4202db62bc770VaC13eq7yKcvisbvjeGoDCZs5S8TZgh16VhyU04WXQXOYyfCKnd5Z9zoPS6fBgweHhrijdJGp2oDr_9ZX43ofS6B1oJnU_yslGGFCX8707fplH3pDhirj3oYawmKIFbPBLJ3md_Hi515HcM-Ux1DdznvSW2vCH0zlOB2JL5jgPMZZT6SnJn9RCLAp8Vam9TgQdLIb73YU3sd-Ev3z_2Wmr05h2V1VlgLHMs4uKT9lZ90d6mVe2IN0AwkmMtVB_UXPiXY-YCfuR1YUcVRTKV2N2vkpnXBlgM13czgGHj1a-MTlhOPlZ18iyH09h0SyrlvLmAY2xw3VKMLEHf61FeL-A,top14-p5/gaoyuanshanchun/videos/00069.AVI,None
877,高原山鹑,top14-p5/gaoyuanshanchun/frames/00069-0015.jpg,https://aidata-1258344706.cos.ap-guangzhou.myqcloud.com/target/resource/607946138525167616/607947458298548255_00069-0015.jpg?q-sign-algorithm=sha1&q-ak=AKIDDpw3uwZvkBCBX16cwj36A1hJj8GdsouL9Rq29X5QSnkuB29c4GwYn7HrNPTZkLol&q-sign-time=1625113226;1625372426&q-key-time=1625113226;1625372426&q-header-list=&q-url-param-list=&q-signature=e159469b5112aadf6477139719ebb7f0365cb713&x-cos-security-token=f8R33Ych2nIgnJWU0fO2jYYseUjEYY2a749f015e9bcc33b66df80b9f69c2291dVaC13eq7yKcvisbvjeGoDCZs5S8TZgh16VhyU04WXQXOYyfCKnd5Z9zoPS6fBgweHhrijdJGp2oDr_9ZX43ofS6B1oJnU_yslGGFCX8707fplH3pDhirj3oYawmKIFbPBLJ3md_Hi515HcM-Ux1DdznvSW2vCH0zlOB2JL5jgPMZZT6SnJn9RCLAp8Vam9TgQdLIb73YU3sd-Ev3z_2Wmr05h2V1VlgLHMs4uKT9lZ90d6mVe2IN0AwkmMtVB_UXPiXY-YCfuR1YUcVRTKV2N2vkpnXBlgM13czgGHj1a-MLNUkwINN9NHz_KK1dsn3ONKvIt5Sy2Bwgk7hgUpi1lA,top14-p5/gaoyuanshanchun/videos/00069.AVI,None
878,高原山鹑,top14-p5/gaoyuanshanchun/frames/00069-0016.jpg,https://aidata-1258344706.cos.ap-guangzhou.myqcloud.com/target/resource/607946138525167616/607947458298548256_00069-0016.jpg?q-sign-algorithm=sha1&q-ak=AKIDAJGKV9VgQNn85zyXPpyrBBzXfDOSWGJ4TSFlWpV9n5cO9E5-0iOJA2V9Ji0ewBMA&q-sign-time=1625113226;1625372426&q-key-time=1625113226;1625372426&q-header-list=&q-url-param-list=&q-signature=13ddac0e590536f9182860551c5a49edaf7cbe7a&x-cos-security-token=f8R33Ych2nIgnJWU0fO2jYYseUjEYY2a1d4156b861bcbc0e86ea86a59438554cVaC13eq7yKcvisbvjeGoDCZs5S8TZgh16VhyU04WXQXOYyfCKnd5Z9zoPS6fBgweHhrijdJGp2oDr_9ZX43ofS6B1oJnU_yslGGFCX8707fplH3pDhirj3oYawmKIFbPBLJ3md_Hi515HcM-Ux1DdznvSW2vCH0zlOB2JL5jgPMZZT6SnJn9RCLAp8Vam9TgQdLIb73YU3sd-Ev3z_2Wmr05h2V1VlgLHMs4uKT9lZ90d6mVe2IN0AwkmMtVB_UXPiXY-YCfuR1YUcVRTKV2N2vkpnXBlgM13czgGHj1a-OxcoFA8SLHDOVUDt56cMawJfIQbwzcf4VpnuXhVJ6bAg,top14-p5/gaoyuanshanchun/videos/00069.AVI,None
879,高原山鹑,top14-p5/gaoyuanshanchun/frames/00069-0017.jpg,https://aidata-1258344706.cos.ap-guangzhou.myqcloud.com/target/resource/607946138525167616/607947458298548257_00069-0017.jpg?q-sign-algorithm=sha1&q-ak=AKIDwl0EKB-XH2EksOyADtef3XKLnhflYIB_KFuVHxucdvaWTQbQjYXnHZmYQcxtZT1X&q-sign-time=1625113226;1625372426&q-key-time=1625113226;1625372426&q-header-list=&q-url-param-list=&q-signature=b394bde9630ac9508273c8fba7f9babc2f3b50f6&x-cos-security-token=K6Q8xOwyR6xmlE4mK84dZ0yf6kRyHr7a1a91a8a5ae04290cb53e4286b33835c6qx3Lnew6f7h5Vle8xLbUxdn2ck6iKkE2UKcrCUJiJlfZlWQXc5IhfU0Tf7aR1LynaTqbCAYzs4jkYgX3f-Vh1Ce5hFj2-Z3s34nmXMaG7ak0XQqZFlrTHeid82GxYCwV2--3KV44cDUcEvJUsGVkwkZZYlnb4dRt9GWzZ7QVC8hsinmwvc66GbvmcxUdnwxJYkANSSJUr5KqURUpumV4s3jBNL0SWJA8wjvoMh4ugsCzeq844yUD4ZfWdx5n0U26FV4i5THNvQ_GQ09yv35GG-o7W3Lrjsprmzq6HmNBJpKGrWE93aNJU0HPEbCUtEe3Rsj4GrjT3ttOvfJ3A7aD3A,top14-p5/gaoyuanshanchun/videos/00069.AVI,None
880,高原山鹑,top14-p5/gaoyuanshanchun/frames/00070-0001.jpg,https://aidata-1258344706.cos.ap-guangzhou.myqcloud.com/target/resource/607946138525167616/607947458298548258_00070-0001.jpg?q-sign-algorithm=sha1&q-ak=AKIDNYQ1Gj-xD9Qi24cqeFowMACYYKT4F4RQnw3N602Urn4jpQ09cVzrjaHLUWYa8KgC&q-sign-time=1625113226;1625372426&q-key-time=1625113226;1625372426&q-header-list=&q-url-param-list=&q-signature=23ad73625a70c484be5b36b084c71dd518975d1f&x-cos-security-token=K6Q8xOwyR6xmlE4mK84dZ0yf6kRyHr7aecd42c6111e5130344506583f19d72feqx3Lnew6f7h5Vle8xLbUxdn2ck6iKkE2UKcrCUJiJlfZlWQXc5IhfU0Tf7aR1LynaTqbCAYzs4jkYgX3f-Vh1Ce5hFj2-Z3s34nmXMaG7ak0XQqZFlrTHeid82GxYCwV2--3KV44cDUcEvJUsGVkwkZZYlnb4dRt9GWzZ7QVC8hsinmwvc66GbvmcxUdnwxJYkANSSJUr5KqURUpumV4s3jBNL0SWJA8wjvoMh4ugsCzeq844yUD4ZfWdx5n0U26FV4i5THNvQ_GQ09yv35GG-o7W3Lrjsprmzq6HmNBJpIjpz_2EsuufoZuKju9iwhMjJDOg54kISE7dLZORgfM1w,top14-p5/gaoyuanshanchun/videos/00070.AVI,None
881,高原山鹑,top14-p5/gaoyuanshanchun/frames/00070-0002.jpg,https://aidata-1258344706.cos.ap-guangzhou.myqcloud.com/target/resource/607946138525167616/607947458298548259_00070-0002.jpg?q-sign-algorithm=sha1&q-ak=AKIDV9JCvtc6yabxK0lFGUVW8HF-P98XqJbcHXGy5xBgQY81qAr2RxjH6Xf5Jaa2rU_r&q-sign-time=1625113226;1625372426&q-key-time=1625113226;1625372426&q-header-list=&q-url-param-list=&q-signature=893c05eedd99017a536aad1904e9b77315bad801&x-cos-security-token=K6Q8xOwyR6xmlE4mK84dZ0yf6kRyHr7af935b334601b1bd056934dbe46ccfaedqx3Lnew6f7h5Vle8xLbUxdn2ck6iKkE2UKcrCUJiJlfZlWQXc5IhfU0Tf7aR1LynaTqbCAYzs4jkYgX3f-Vh1Ce5hFj2-Z3s34nmXMaG7ak0XQqZFlrTHeid82GxYCwV2--3KV44cDUcEvJUsGVkwkZZYlnb4dRt9GWzZ7QVC8hsinmwvc66GbvmcxUdnwxJYkANSSJUr5KqURUpumV4s3jBNL0SWJA8wjvoMh4ugsCzeq844yUD4ZfWdx5n0U26FV4i5THNvQ_GQ09yv35GG-o7W3Lrjsprmzq6HmNBJpInqI38oxtuQH5E3KMypHPsyUcDQOrBI62MHfUHxDniQQ,top14-p5/gaoyuanshanchun/videos/00070.AVI,None
882,高原山鹑,top14-p5/gaoyuanshanchun/frames/00070-0003.jpg,https://aidata-1258344706.cos.ap-guangzhou.myqcloud.com/target/resource/607946138525167616/607947458298548260_00070-0003.jpg?q-sign-algorithm=sha1&q-ak=AKIDfh8sVvKp13xegv8m05Sj0_GOk68bSHjDOJcpYblKrUKxpzcCtwbmeJDLIr-dYVMa&q-sign-time=1625113226;1625372426&q-key-time=1625113226;1625372426&q-header-list=&q-url-param-list=&q-signature=6d918a39c1cd3ecfb6e24b9a1a640cbfbd6e9088&x-cos-security-token=K6Q8xOwyR6xmlE4mK84dZ0yf6kRyHr7a3df786f317a1ce4a308e7e23acab84b6qx3Lnew6f7h5Vle8xLbUxdn2ck6iKkE2UKcrCUJiJlfZlWQXc5IhfU0Tf7aR1LynaTqbCAYzs4jkYgX3f-Vh1Ce5hFj2-Z3s34nmXMaG7ak0XQqZFlrTHeid82GxYCwV2--3KV44cDUcEvJUsGVkwkZZYlnb4dRt9GWzZ7QVC8hsinmwvc66GbvmcxUdnwxJYkANSSJUr5KqURUpumV4s3jBNL0SWJA8wjvoMh4ugsCzeq844yUD4ZfWdx5n0U26FV4i5THNvQ_GQ09yv35GG-o7W3Lrjsprmzq6HmNBJpLnxkeVZgAfqmEAmMkKgk2Bd1TFA8e93Tl3QzXPlH_VrA,top14-p5/gaoyuanshanchun/videos/00070.AVI,None
883,高原山鹑,top14-p5/gaoyuanshanchun/frames/00070-0004.jpg,https://aidata-1258344706.cos.ap-guangzhou.myqcloud.com/target/resource/607946138525167616/607947458298548261_00070-0004.jpg?q-sign-algorithm=sha1&q-ak=AKID5rsWMfbnCx9Vu-QWZj_efUgSUV_qScxdUDh2PHKuDZ1lH_sCpgW_6R9AVo6A7Q4s&q-sign-time=1625113226;1625372426&q-key-time=1625113226;1625372426&q-header-list=&q-url-param-list=&q-signature=1017d3f95f5b7845162c4866d54ecd301f280d09&x-cos-security-token=f8R33Ych2nIgnJWU0fO2jYYseUjEYY2ab40ed5ca29adad43500984d5b17c3e73VaC13eq7yKcvisbvjeGoDCZs5S8TZgh16VhyU04WXQXOYyfCKnd5Z9zoPS6fBgweHhrijdJGp2oDr_9ZX43ofS6B1oJnU_yslGGFCX8707fplH3pDhirj3oYawmKIFbPBLJ3md_Hi515HcM-Ux1DdznvSW2vCH0zlOB2JL5jgPMZZT6SnJn9RCLAp8Vam9TgQdLIb73YU3sd-Ev3z_2Wmr05h2V1VlgLHMs4uKT9lZ90d6mVe2IN0AwkmMtVB_UXPiXY-YCfuR1YUcVRTKV2N2vkpnXBlgM13czgGHj1a-NNZfpey77pmdvgHcLN4QYsW-O-c296oYT5XSNsPKIyRw,top14-p5/gaoyuanshanchun/videos/00070.AVI,None
884,高原山鹑,top14-p5/gaoyuanshanchun/frames/00070-0005.jpg,https://aidata-1258344706.cos.ap-guangzhou.myqcloud.com/target/resource/607946138525167616/607947458298548262_00070-0005.jpg?q-sign-algorithm=sha1&q-ak=AKIDlNFwA_F0an37anckyemuoX9RXv3lq7cMz9WLXWjG1FZP37YDl62vhu2dXQLq_LoW&q-sign-time=1625113227;1625372427&q-key-time=1625113227;1625372427&q-header-list=&q-url-param-list=&q-signature=fc186cc475a086005121c465e6cf8051871eea44&x-cos-security-token=K6Q8xOwyR6xmlE4mK84dZ0yf6kRyHr7a943c21e8fb6364077463097474fb8b7dqx3Lnew6f7h5Vle8xLbUxdn2ck6iKkE2UKcrCUJiJlfZlWQXc5IhfU0Tf7aR1LynaTqbCAYzs4jkYgX3f-Vh1Ce5hFj2-Z3s34nmXMaG7ak0XQqZFlrTHeid82GxYCwV2--3KV44cDUcEvJUsGVkwkZZYlnb4dRt9GWzZ7QVC8hsinmwvc66GbvmcxUdnwxJYkANSSJUr5KqURUpumV4s3jBNL0SWJA8wjvoMh4ugsCzeq844yUD4ZfWdx5n0U26FV4i5THNvQ_GQ09yv35GG-o7W3Lrjsprmzq6HmNBJpKjGIdVuafQGm0bnnV4yXvooWracfCzJ7U1OTf9yLnf_w,top14-p5/gaoyuanshanchun/videos/00070.AVI,None
885,高原山鹑,top14-p5/gaoyuanshanchun/frames/00070-0006.jpg,https://aidata-1258344706.cos.ap-guangzhou.myqcloud.com/target/resource/607946138525167616/607947458298548263_00070-0006.jpg?q-sign-algorithm=sha1&q-ak=AKIDeFPjYCOhBwf4a_9hQzDKvHfPlWwQqlwmn0d7Hr-w2CZwzZFPRoE_kf-ULVbcIhjR&q-sign-time=1625113227;1625372427&q-key-time=1625113227;1625372427&q-header-list=&q-url-param-list=&q-signature=f804e92e36c15ac14eb32707d9dc23de2cf98b07&x-cos-security-token=jmCCFCZ07AWjN0xvNlUPyP0mQYfzOAHac1378bda9d9ef5729c6efc3a8d59b25a0z2hQp1bEqLwIwCjaPDubOT7OAVGosOhUnwQxLe_GKbRWuHgV5Ei_4o3QCzR_N0c26VQ3ma9JrgraXgjx8dw1F30m8jRb2MRst1DQysSocJgTydmcw1RnTVsf-ZCntuZ-FlnMK9uCoxVI0dTc7gmxKpGNK8AaFieQ097d2VY_XSX8r3Ej9EuzDwDqVprWFObISBxQ0jZLyrBwsOURncJ3Ts9yeiBZG4EC5EWm98HxVRtyGpVS_4WyzWMQYwkbVMG-VD6UBC7-2vU4n03PWX8m-Wg3-sQiZVDQOED-rfshFvwIeKIGU5frJgO10RG_2aMnDzevpARmHehskfjbFnLgg,top14-p5/gaoyuanshanchun/videos/00070.AVI,None
886,高原山鹑,top14-p5/gaoyuanshanchun/frames/00070-0007.jpg,https://aidata-1258344706.cos.ap-guangzhou.myqcloud.com/target/resource/607946138525167616/607947458298548264_00070-0007.jpg?q-sign-algorithm=sha1&q-ak=AKIDs60q-sG6-E2fJ1tdG0p50RXRb-VRLh8oDBsE6VC0NX1eT4WMZ9imMwF50vu9cJzX&q-sign-time=1625113227;1625372427&q-key-time=1625113227;1625372427&q-header-list=&q-url-param-list=&q-signature=d6152b8eb0a59ce0a11f9ddbde4f33ff8933dff7&x-cos-security-token=K6Q8xOwyR6xmlE4mK84dZ0yf6kRyHr7af39b2c44f5a6068adb77610b9737f6d4qx3Lnew6f7h5Vle8xLbUxY3BqVNFiBVe_V0oGZ76RRtSbVVnsoLRSK37KX9pQk9V07SwUOwPTSJrAYbcYHrNF2_ryv4z_-hwePwAQSDEja2RvI5J5W30paNIuiO3tm-cz7mdmfL5UX595yvvIy8xqNoAVvuZlqapzrEYOumVkHHeN4gG55ibbQw_QdpupQUEHxgzuYvn_ExlkjlW3OJEFa5pz2-Z2WJya6eEg_6ocflCzTHhH6JyMmcEhaj27i29_7LFsn0o6Igg_z7A-1vdyBKl9wmVhFFajaMVZQvjucpQToJlX9Afxqq8TaeC_8TsdFML57NP96gh4P57Y-lg6Q,top14-p5/gaoyuanshanchun/videos/00070.AVI,None
887,高原山鹑,top14-p5/gaoyuanshanchun/frames/00070-0008.jpg,https://aidata-1258344706.cos.ap-guangzhou.myqcloud.com/target/resource/607946138525167616/607947458298548265_00070-0008.jpg?q-sign-algorithm=sha1&q-ak=AKIDqhUZbRadYFxOr-u2qI06cgAbwaENxRwfktoKX5wPa13iNixuRaQxwcbsojXCtdDl&q-sign-time=1625113227;1625372427&q-key-time=1625113227;1625372427&q-header-list=&q-url-param-list=&q-signature=4b4f2d10a67c4ae9b4e79f0ecd91a596d49691d7&x-cos-security-token=K6Q8xOwyR6xmlE4mK84dZ0yf6kRyHr7a6afd0a0ef3018c60663440ee354d55c1qx3Lnew6f7h5Vle8xLbUxY3BqVNFiBVe_V0oGZ76RRtSbVVnsoLRSK37KX9pQk9V07SwUOwPTSJrAYbcYHrNF2_ryv4z_-hwePwAQSDEja2RvI5J5W30paNIuiO3tm-cz7mdmfL5UX595yvvIy8xqNoAVvuZlqapzrEYOumVkHHeN4gG55ibbQw_QdpupQUEHxgzuYvn_ExlkjlW3OJEFa5pz2-Z2WJya6eEg_6ocflCzTHhH6JyMmcEhaj27i29_7LFsn0o6Igg_z7A-1vdyBKl9wmVhFFajaMVZQvjucruGCI2wNyDDDJCiej8CDAzNl_l4U6gAvPx_cuBsrfBow,top14-p5/gaoyuanshanchun/videos/00070.AVI,None
888,高原山鹑,top14-p5/gaoyuanshanchun/frames/00070-0009.jpg,https://aidata-1258344706.cos.ap-guangzhou.myqcloud.com/target/resource/607946138525167616/607947458298548266_00070-0009.jpg?q-sign-algorithm=sha1&q-ak=AKIDvgGLg2t0F1V8E3NNZ96q8ShrSvMTJVKdrw1memuGA9eG7_gzM3_swWt33BQIURMe&q-sign-time=1625113227;1625372427&q-key-time=1625113227;1625372427&q-header-list=&q-url-param-list=&q-signature=c32669712d0fae81b416a310e4227773471266da&x-cos-security-token=K6Q8xOwyR6xmlE4mK84dZ0yf6kRyHr7abcf5e89ca3dda3bd22f83009f788d0a4qx3Lnew6f7h5Vle8xLbUxY3BqVNFiBVe_V0oGZ76RRtSbVVnsoLRSK37KX9pQk9V07SwUOwPTSJrAYbcYHrNF2_ryv4z_-hwePwAQSDEja2RvI5J5W30paNIuiO3tm-cz7mdmfL5UX595yvvIy8xqNoAVvuZlqapzrEYOumVkHHeN4gG55ibbQw_QdpupQUEHxgzuYvn_ExlkjlW3OJEFa5pz2-Z2WJya6eEg_6ocflCzTHhH6JyMmcEhaj27i29_7LFsn0o6Igg_z7A-1vdyBKl9wmVhFFajaMVZQvjucprAZphys6S5d4XQgGLAKmuktFAY1zctkTN10npR2Denw,top14-p5/gaoyuanshanchun/videos/00070.AVI,None
889,高原山鹑,top14-p5/gaoyuanshanchun/frames/00070-0010.jpg,https://aidata-1258344706.cos.ap-guangzhou.myqcloud.com/target/resource/607946138525167616/607947458298548267_00070-0010.jpg?q-sign-algorithm=sha1&q-ak=AKIDh51j53XEkfE1FhLvvqiuzLa-5XCobr7qYdJHyHe46ftIgKb5CZSa6eFpoFIecDWd&q-sign-time=1625113227;1625372427&q-key-time=1625113227;1625372427&q-header-list=&q-url-param-list=&q-signature=15bed053bba01b11922d8843be12a5010da57d42&x-cos-security-token=f8R33Ych2nIgnJWU0fO2jYYseUjEYY2a55b576133346d598f49d8d1d197b07d3VaC13eq7yKcvisbvjeGoDL2hcEkDcsDIBVmBWv3TxhAOhVKZ70h6oAkVz0yCsCUeRUGii6cqaSp6NgtKXTDEdn1C2U9HkCkQz-tI6yyyeLTi0wZ_bf5BNducwxks9E_Zf34JQThpcHD5AqPwzVEsK0PJUIrl6_JSn7m3BZHfSk8hhJZf56NcN31HU66hFXHDD19KjjP69N8_RfIZGoe8qHKs_b5TY1KcfC6AKFFKqsnaDJKTGMc7vRkq7jeaFFFKHr2fmvfiH0jMfaOo5sbh6AikkrVhlqexTiZySAHBnfEVWfn0Vjluj-1aPh-3KWFlxpsLu6-OhKA_bNi2ffWhvQ,top14-p5/gaoyuanshanchun/videos/00070.AVI,None
890,高原山鹑,top14-p5/gaoyuanshanchun/frames/00070-0011.jpg,https://aidata-1258344706.cos.ap-guangzhou.myqcloud.com/target/resource/607946138525167616/607947458298548268_00070-0011.jpg?q-sign-algorithm=sha1&q-ak=AKIDVjPmeUZ7pVwGhES43tfMZzJb1iwiSuIkWEC5wf82pgNIvZwdgxmX1KOk3uSvbc-E&q-sign-time=1625113227;1625372427&q-key-time=1625113227;1625372427&q-header-list=&q-url-param-list=&q-signature=662081c2d6c40cd53a4dd2d7199f261bfaff34c9&x-cos-security-token=K6Q8xOwyR6xmlE4mK84dZ0yf6kRyHr7ab88e473504c6b4451394d573412b6dcaqx3Lnew6f7h5Vle8xLbUxY3BqVNFiBVe_V0oGZ76RRtSbVVnsoLRSK37KX9pQk9V07SwUOwPTSJrAYbcYHrNF2_ryv4z_-hwePwAQSDEja2RvI5J5W30paNIuiO3tm-cz7mdmfL5UX595yvvIy8xqNoAVvuZlqapzrEYOumVkHHeN4gG55ibbQw_QdpupQUEHxgzuYvn_ExlkjlW3OJEFa5pz2-Z2WJya6eEg_6ocflCzTHhH6JyMmcEhaj27i29_7LFsn0o6Igg_z7A-1vdyBKl9wmVhFFajaMVZQvjucq7kTXs4pW1Z3HD6yfhTllpgMSSwC4aAsqJDAfzgtQVQg,top14-p5/gaoyuanshanchun/videos/00070.AVI,None
891,高原山鹑,top14-p5/gaoyuanshanchun/frames/00070-0012.jpg,https://aidata-1258344706.cos.ap-guangzhou.myqcloud.com/target/resource/607946138525167616/607947458298548269_00070-0012.jpg?q-sign-algorithm=sha1&q-ak=AKIDeFPjYCOhBwf4a_9hQzDKvHfPlWwQqlwmn0d7Hr-w2CZwzZFPRoE_kf-ULVbcIhjR&q-sign-time=1625113227;1625372427&q-key-time=1625113227;1625372427&q-header-list=&q-url-param-list=&q-signature=7b76221dd01991f9a80d11bfea0f16618b3fb258&x-cos-security-token=jmCCFCZ07AWjN0xvNlUPyP0mQYfzOAHac1378bda9d9ef5729c6efc3a8d59b25a0z2hQp1bEqLwIwCjaPDubOT7OAVGosOhUnwQxLe_GKbRWuHgV5Ei_4o3QCzR_N0c26VQ3ma9JrgraXgjx8dw1F30m8jRb2MRst1DQysSocJgTydmcw1RnTVsf-ZCntuZ-FlnMK9uCoxVI0dTc7gmxKpGNK8AaFieQ097d2VY_XSX8r3Ej9EuzDwDqVprWFObISBxQ0jZLyrBwsOURncJ3Ts9yeiBZG4EC5EWm98HxVRtyGpVS_4WyzWMQYwkbVMG-VD6UBC7-2vU4n03PWX8m-Wg3-sQiZVDQOED-rfshFvwIeKIGU5frJgO10RG_2aMnDzevpARmHehskfjbFnLgg,top14-p5/gaoyuanshanchun/videos/00070.AVI,None
892,高原山鹑,top14-p5/gaoyuanshanchun/frames/00070-0013.jpg,https://aidata-1258344706.cos.ap-guangzhou.myqcloud.com/target/resource/607946138525167616/607947458298548270_00070-0013.jpg?q-sign-algorithm=sha1&q-ak=AKIDy4tC_j9NmhxOmW9_dzM1qYBuVN2BvZVTuo8xM6BqXEsahdP_QsJsH2fKA2fb9S5U&q-sign-time=1625113227;1625372427&q-key-time=1625113227;1625372427&q-header-list=&q-url-param-list=&q-signature=f300e509a18fb80130748b8df5e86a28ac910faf&x-cos-security-token=f8R33Ych2nIgnJWU0fO2jYYseUjEYY2aa06e16a0376ce841cdf908e07ff83938VaC13eq7yKcvisbvjeGoDL2hcEkDcsDIBVmBWv3TxhAOhVKZ70h6oAkVz0yCsCUeRUGii6cqaSp6NgtKXTDEdn1C2U9HkCkQz-tI6yyyeLTi0wZ_bf5BNducwxks9E_Zf34JQThpcHD5AqPwzVEsK0PJUIrl6_JSn7m3BZHfSk8hhJZf56NcN31HU66hFXHDD19KjjP69N8_RfIZGoe8qHKs_b5TY1KcfC6AKFFKqsnaDJKTGMc7vRkq7jeaFFFKHr2fmvfiH0jMfaOo5sbh6AikkrVhlqexTiZySAHBnfGlRlBmJHuDBM20OoFTLgjiWAX0sugIs1jF55gidEdldg,top14-p5/gaoyuanshanchun/videos/00070.AVI,None
893,高原山鹑,top14-p5/gaoyuanshanchun/frames/00070-0014.jpg,https://aidata-1258344706.cos.ap-guangzhou.myqcloud.com/target/resource/607946138525167616/607947458298548271_00070-0014.jpg?q-sign-algorithm=sha1&q-ak=AKIDpDiguwQJuqzpUCXTFzYQqjqJDlxeoGjV3NWeNW5ArfFUsV2SdTmR25_sec5YjxRi&q-sign-time=1625113227;1625372427&q-key-time=1625113227;1625372427&q-header-list=&q-url-param-list=&q-signature=1b84f12bd5b13764c8ad3c47799302c38900dfdf&x-cos-security-token=f8R33Ych2nIgnJWU0fO2jYYseUjEYY2af5fc203d5bbd7c1507755f5617b89854VaC13eq7yKcvisbvjeGoDL2hcEkDcsDIBVmBWv3TxhAOhVKZ70h6oAkVz0yCsCUeRUGii6cqaSp6NgtKXTDEdn1C2U9HkCkQz-tI6yyyeLTi0wZ_bf5BNducwxks9E_Zf34JQThpcHD5AqPwzVEsK0PJUIrl6_JSn7m3BZHfSk8hhJZf56NcN31HU66hFXHDD19KjjP69N8_RfIZGoe8qHKs_b5TY1KcfC6AKFFKqsnaDJKTGMc7vRkq7jeaFFFKHr2fmvfiH0jMfaOo5sbh6AikkrVhlqexTiZySAHBnfGIEZxDIsoju2BFE5QVTjXq7jUDJGVgluwSyH496A5_HA,top14-p5/gaoyuanshanchun/videos/00070.AVI,None
894,高原山鹑,top14-p5/gaoyuanshanchun/frames/00070-0015.jpg,https://aidata-1258344706.cos.ap-guangzhou.myqcloud.com/target/resource/607946138525167616/607947458298548272_00070-0015.jpg?q-sign-algorithm=sha1&q-ak=AKID2SfnBjKICswDNrhA7MZTsjosgQss5btz68B4LM74Rv4lJ17gja1UxtXsWU1kZQFe&q-sign-time=1625113227;1625372427&q-key-time=1625113227;1625372427&q-header-list=&q-url-param-list=&q-signature=7610785ee77db80706be12f60ca9ea532ca887fd&x-cos-security-token=K6Q8xOwyR6xmlE4mK84dZ0yf6kRyHr7a445aea774f92a9b8499b2370fe9781d4qx3Lnew6f7h5Vle8xLbUxY3BqVNFiBVe_V0oGZ76RRtSbVVnsoLRSK37KX9pQk9V07SwUOwPTSJrAYbcYHrNF2_ryv4z_-hwePwAQSDEja2RvI5J5W30paNIuiO3tm-cz7mdmfL5UX595yvvIy8xqNoAVvuZlqapzrEYOumVkHHeN4gG55ibbQw_QdpupQUEHxgzuYvn_ExlkjlW3OJEFa5pz2-Z2WJya6eEg_6ocflCzTHhH6JyMmcEhaj27i29_7LFsn0o6Igg_z7A-1vdyBKl9wmVhFFajaMVZQvjucqhOwtcLHTS1mcvpyyqfGJMCV55oU3qTOX2FnSKv3jGGA,top14-p5/gaoyuanshanchun/videos/00070.AVI,None
895,高原山鹑,top14-p5/gaoyuanshanchun/frames/00070-0016.jpg,https://aidata-1258344706.cos.ap-guangzhou.myqcloud.com/target/resource/607946138525167616/607947458298548273_00070-0016.jpg?q-sign-algorithm=sha1&q-ak=AKIDYt2_gDBI6aAeTUzOyjf5Xolcx9DbU3CANyU_o8jUJtfwI_J8flcpBZz6VqlxKVQd&q-sign-time=1625113227;1625372427&q-key-time=1625113227;1625372427&q-header-list=&q-url-param-list=&q-signature=fa06c87b5acde2a6d13e2a92cfe011195dffa41b&x-cos-security-token=K6Q8xOwyR6xmlE4mK84dZ0yf6kRyHr7abe56553c5207161d3e2070b89c1f6581qx3Lnew6f7h5Vle8xLbUxY3BqVNFiBVe_V0oGZ76RRtSbVVnsoLRSK37KX9pQk9V07SwUOwPTSJrAYbcYHrNF2_ryv4z_-hwePwAQSDEja2RvI5J5W30paNIuiO3tm-cz7mdmfL5UX595yvvIy8xqNoAVvuZlqapzrEYOumVkHHeN4gG55ibbQw_QdpupQUEHxgzuYvn_ExlkjlW3OJEFa5pz2-Z2WJya6eEg_6ocflCzTHhH6JyMmcEhaj27i29_7LFsn0o6Igg_z7A-1vdyBKl9wmVhFFajaMVZQvjucov7N5KkRg_jM__Io5xdWCOPAv_BBa2MMGkWqF3J8xMJg,top14-p5/gaoyuanshanchun/videos/00070.AVI,None
896,高原山鹑,top14-p5/gaoyuanshanchun/frames/00070-0017.jpg,https://aidata-1258344706.cos.ap-guangzhou.myqcloud.com/target/resource/607946138525167616/607947458298548274_00070-0017.jpg?q-sign-algorithm=sha1&q-ak=AKIDDIaaUVQVEkNduEzy491fMApmv32hOThAqS-t7oaI15jAoWdlX0crNnVsH57Tu4b7&q-sign-time=1625113227;1625372427&q-key-time=1625113227;1625372427&q-header-list=&q-url-param-list=&q-signature=59e330065a37b0e17e443755e10d915154d0bba3&x-cos-security-token=K6Q8xOwyR6xmlE4mK84dZ0yf6kRyHr7afb58b839e40665e8bf3fa3e858d55addqx3Lnew6f7h5Vle8xLbUxY3BqVNFiBVe_V0oGZ76RRtSbVVnsoLRSK37KX9pQk9V07SwUOwPTSJrAYbcYHrNF2_ryv4z_-hwePwAQSDEja2RvI5J5W30paNIuiO3tm-cz7mdmfL5UX595yvvIy8xqNoAVvuZlqapzrEYOumVkHHeN4gG55ibbQw_QdpupQUEHxgzuYvn_ExlkjlW3OJEFa5pz2-Z2WJya6eEg_6ocflCzTHhH6JyMmcEhaj27i29_7LFsn0o6Igg_z7A-1vdyBKl9wmVhFFajaMVZQvjucqJ1OpnpLsicGererOdwj7Ye46WoNoZE00Iaq9gz_3ODQ,top14-p5/gaoyuanshanchun/videos/00070.AVI,None
